Feature,count,mean,std,min,25%,50%,75%,max,card
cdc_case_earliest_days,9545.0,273.3068622315348,86.21524543686043,0.0,201.0,306.0,344.0,379.0,322
cdc_report_days,7591.0,272.67039915689634,81.09615085577079,0.0,210.0,299.0,338.0,377.0,323
pos_spec_days,2790.0,186.7304659498208,89.29614277916139,0.0,115.25,213.0,263.0,317.0,313
