Feature,count,unique,top,freq,mode,freq_mode,%mode,2ndmode,freq_2ndmode,%2ndmode,%missing
current_status,9545,2,Laboratory-confirmed case,8912,Laboratory-confirmed case,8912,0.9336825563122053,Probable Case,633,0.06631744368779466,0.0
sex,9545,5,Female,4974,Female,4974,0.521110529072813,Male,4477,0.46904138292299635,0.0
age_group,9545,10,20 - 29 Years,1762,20 - 29 Years,1762,0.18459926663174436,30 - 39 Years,1564,0.163855421686747,0.0
race_ethnicity_combined,9545,9,Unknown,3604,Unknown,3604,0.37757988475641696,"White, Non-Hispanic",3296,0.3453116815086433,0.0
hosp_yn,9545,5,No,5133,No,5133,0.5377684651650079,Missing,2099,0.21990570979570456,0.0
icu_yn,9545,4,Missing,7194,Missing,7194,0.7536930330015715,Unknown,1303,0.13651126244106862,0.0
death_yn,9545,2,No,9211,No,9211,0.9650078575170247,Yes,334,0.03499214248297538,0.0
medcond_yn,9545,4,Missing,7015,Missing,7015,0.7349397590361446,No,876,0.09177579884756416,0.0
